{
    "root_group": {
        "id": "d41d8cd98f00b204e9800998ecf8427e",
        "groups": {},
        "checks": {
                "booking_success": {
                    "name": "booking_success",
                    "path": "::booking_success",
                    "id": "8e448b031a25273e1af292733124d1c6",
                    "passes": 13084,
                    "fails": 0
                },
                "booking_fast": {
                    "id": "0ea4f556027bce5246b18102330fda62",
                    "passes": 13084,
                    "fails": 0,
                    "name": "booking_fast",
                    "path": "::booking_fast"
                },
                "booking_no_timeout": {
                    "passes": 13084,
                    "fails": 0,
                    "name": "booking_no_timeout",
                    "path": "::booking_no_timeout",
                    "id": "75dc7632e549d334215e8723aed4d527"
                }
            },
        "name": "",
        "path": ""
    },
    "metrics": {
        "http_req_duration{operation:setup}": {
            "p(95)": 54.2241976,
            "avg": 30.793322866666678,
            "min": 6.819046,
            "med": 15.443974,
            "max": 161.913351,
            "p(90)": 52.6902604,
            "thresholds": {
                "p(95)<500": false
            }
        },
        "http_req_failed": {
            "passes": 0,
            "fails": 13239,
            "value": 0
        },
        "http_req_receiving": {
            "min": 0.02677,
            "med": 0.093154,
            "max": 1.798757,
            "p(90)": 0.14283300000000004,
            "p(95)": 0.16287799999999994,
            "avg": 0.09903208467406878
        },
        "checks{check:booking_success}": {
            "passes": 13084,
            "fails": 0,
            "thresholds": {
                "rate>0.95": false
            },
            "value": 1
        },
        "http_req_failed{operation:booking}": {
            "passes": 0,
            "fails": 13084,
            "thresholds": {
                "rate<0.05": false
            },
            "value": 0
        },
        "http_req_connecting": {
            "med": 0.15526,
            "max": 2.2129,
            "p(90)": 0.2498082,
            "p(95)": 0.298627,
            "avg": 0.1678896087317778,
            "min": 0
        },
        "vus_max": {
            "value": 100,
            "min": 100,
            "max": 100
        },
        "data_sent": {
            "count": 5167572,
            "rate": 16842.99372284311
        },
        "http_req_duration{operation:booking}": {
            "p(95)": 39.809955699999996,
            "avg": 31.24128949686633,
            "min": 17.465796,
            "med": 28.2257585,
            "max": 357.239482,
            "p(90)": 35.78105550000001,
            "thresholds": {
                "p(95)<2000": false,
                "p(99)<5000": false
            }
        },
        "http_req_tls_handshaking": {
            "avg": 0,
            "min": 0,
            "med": 0,
            "max": 0,
            "p(90)": 0,
            "p(95)": 0
        },
        "http_req_sending": {
            "med": 0.037961,
            "max": 2.422812,
            "p(90)": 0.06066700000000001,
            "p(95)": 0.07257009999999993,
            "avg": 0.04259575428657743,
            "min": 0.006953
        },
        "http_reqs": {
            "count": 13239,
            "rate": 43.150708668736485
        },
        "http_req_duration": {
            "p(90)": 36.139119,
            "p(95)": 40.78790419999997,
            "avg": 31.29312753886239,
            "min": 6.819046,
            "med": 28.240325,
            "max": 357.239482
        },
        "http_req_blocked": {
            "max": 2.331952,
            "p(90)": 0.3260430000000001,
            "p(95)": 0.3891060999999993,
            "avg": 0.22144657965103073,
            "min": 0.001873,
            "med": 0.204011
        },
        "http_req_waiting": {
            "max": 357.065507,
            "p(90)": 35.995898000000004,
            "p(95)": 40.62609929999998,
            "avg": 31.151499699901812,
            "min": 6.766248,
            "med": 28.097168
        },
        "http_req_duration{operation:login}": {
            "avg": 45.90769618,
            "min": 44.831369,
            "med": 45.5229255,
            "max": 50.857386,
            "p(90)": 47.3399471,
            "p(95)": 47.835631299999996,
            "thresholds": {
                "p(95)<300": false
            }
        },
        "iterations": {
            "count": 6544,
            "rate": 21.3292724169659
        },
        "http_req_duration{expected_response:true}": {
            "p(95)": 40.78790419999997,
            "avg": 31.29312753886239,
            "min": 6.819046,
            "med": 28.240325,
            "max": 357.239482,
            "p(90)": 36.139119
        },
        "checks": {
            "passes": 39252,
            "fails": 0,
            "value": 1
        },
        "vus": {
            "value": 2,
            "min": 0,
            "max": 100
        },
        "iteration_duration": {
            "avg": 2354.8688448924136,
            "min": 1025.016825,
            "med": 2362.9351075000004,
            "max": 3883.869296,
            "p(90)": 3222.9855007,
            "p(95)": 3382.8459472999994
        },
        "data_received": {
            "count": 7141666,
            "rate": 23277.282950027995
        }
    },
    "setup_data": {
        "flightIds": [
            1,
            2,
            3,
            4,
            5,
            6,
            7,
            8,
            9,
            10,
            11,
            12,
            13,
            14,
            15,
            16,
            17,
            18,
            19,
            20,
            21,
            22,
            23,
            24,
            25,
            26,
            27,
            28,
            29,
            30,
            31,
            32,
            33,
            34,
            35,
            36,
            37,
            38,
            39,
            40,
            41,
            42,
            43,
            44,
            45,
            46,
            47,
            48,
            49,
            50
        ],
        "userData": [
            {
                "userId": 1,
                "token": "eyJhbGciOiJIUzI1NiIsInR5cCI6IkpXVCJ9.eyJlbWFpbCI6InVzZXJfMTUyODVAdGVzdC5jb20iLCJpZCI6MSwiaWF0IjoxNzYwMDM2NDU0LCJleHAiOjE3NjAwNDAwNTR9.N2ucJJTVGBk9DW2SWU_faKOW3ckRS7crMXz3RXY7oJg"
            },
            {
                "token": "eyJhbGciOiJIUzI1NiIsInR5cCI6IkpXVCJ9.eyJlbWFpbCI6InVzZXJfNDQyOTVAdGVzdC5jb20iLCJpZCI6MiwiaWF0IjoxNzYwMDM2NDU1LCJleHAiOjE3NjAwNDAwNTV9.FsDrmyTloW9pQXy2l36t6yIa4r9RjZbAnMdzp6GmVsQ",
                "userId": 2
            },
            {
                "token": "eyJhbGciOiJIUzI1NiIsInR5cCI6IkpXVCJ9.eyJlbWFpbCI6InVzZXJfMzdAdGVzdC5jb20iLCJpZCI6MywiaWF0IjoxNzYwMDM2NDU1LCJleHAiOjE3NjAwNDAwNTV9.4c1fTFXs_dCe4ynsLWQL1du_MS0KKC3MaYoSTi2O3cg",
                "userId": 3
            },
            {
                "token": "eyJhbGciOiJIUzI1NiIsInR5cCI6IkpXVCJ9.eyJlbWFpbCI6InVzZXJfNTA3ODdAdGVzdC5jb20iLCJpZCI6NCwiaWF0IjoxNzYwMDM2NDU1LCJleHAiOjE3NjAwNDAwNTV9.sy7DdHWmdAN3gecPv4WBAoigfmiYi0o6SsZoHTghE08",
                "userId": 4
            },
            {
                "userId": 5,
                "token": "eyJhbGciOiJIUzI1NiIsInR5cCI6IkpXVCJ9.eyJlbWFpbCI6InVzZXJfNDMyNzdAdGVzdC5jb20iLCJpZCI6NSwiaWF0IjoxNzYwMDM2NDU1LCJleHAiOjE3NjAwNDAwNTV9.dbBJAECCMPn0S3AKZ75ojXF68vMgTiLN2tq7KzKUC80"
            },
            {
                "token": "eyJhbGciOiJIUzI1NiIsInR5cCI6IkpXVCJ9.eyJlbWFpbCI6InVzZXJfNDE3MTZAdGVzdC5jb20iLCJpZCI6NiwiaWF0IjoxNzYwMDM2NDU1LCJleHAiOjE3NjAwNDAwNTV9._KMreBpAWwNQqbynuFuC5VYj_jf6JyRvd4MkTPSXb4E",