{
    "root_group": {
        "checks": {
            "booking_success": {
                "name": "booking_success",
                "path": "::booking_success",
                "id": "8e448b031a25273e1af292733124d1c6",
                "passes": 93686,
                "fails": 0
            },
            "booking_fast": {
                "id": "0ea4f556027bce5246b18102330fda62",
                "passes": 93686,
                "fails": 0,
                "name": "booking_fast",
                "path": "::booking_fast"
            },
            "booking_no_timeout": {
                "passes": 93686,
                "fails": 0,
                "name": "booking_no_timeout",
                "path": "::booking_no_timeout",
                "id": "75dc7632e549d334215e8723aed4d527"
            }
        },
        "name": "",
        "path": "",
        "id": "d41d8cd98f00b204e9800998ecf8427e",
        "groups": {}
    },
    "metrics": {
        "http_req_duration{operation:login}": {
            "min": 39.701278,
            "med": 40.476946,
            "max": 52.929403,
            "p(90)": 43.113777999999996,
            "p(95)": 43.72195655,
            "avg": 41.22784134,
            "thresholds": {
                "p(95)<300": false
            }
        },
        "http_req_duration{expected_response:true}": {
            "p(90)": 60.997168,
            "p(95)": 66.683808,
            "avg": 44.25623830937417,
            "min": 6.920709,
            "med": 46.436489,
            "max": 445.906307
        },
        "data_sent": {
            "rate": 14913.654046441223,
            "count": 36766710
        },
        "http_req_connecting": {
            "p(90)": 0.25542,
            "p(95)": 0.301096,
            "avg": 0.17906387900810805,
            "min": -1.047515,
            "med": 0.168637,
            "max": 1.96814
        },
        "http_req_receiving": {
            "avg": 0.1016139348898678,
            "min": -1.550873,
            "med": 0.098976,
            "max": 2.35678,
            "p(90)": 0.141847,
            "p(95)": 0.159409
        },
        "http_req_duration": {
            "max": 445.906307,
            "p(90)": 60.997168,
            "p(95)": 66.683808,
            "avg": 44.25623830937417,
            "min": 6.920709,
            "med": 46.436489
        },
        "http_reqs": {
            "count": 93841,
            "rate": 38.064657114332256
        },
        "checks": {
            "passes": 281058,
            "fails": 0,
            "value": 1
        },
        "http_req_blocked": {
            "med": 0.220484,
            "max": 2.087334,
            "p(90)": 0.327275,
            "p(95)": 0.385375,
            "avg": 0.2339420974627291,
            "min": 0
        },
        "http_req_tls_handshaking": {
            "med": 0,
            "max": 0,
            "p(90)": 0,
            "p(95)": 0,
            "avg": 0,
            "min": 0
        },
        "iterations": {
            "count": 46819,
            "rate": 18.99115718540853
        },
        "http_req_duration{operation:setup}": {
            "med": 11.101718,
            "max": 65.679861,
            "p(90)": 48.2784546,
            "p(95)": 49.2930656,
            "avg": 27.360545076190487,
            "min": 6.920709,
            "thresholds": {
                "p(95)<500": false
            }
        },
        "data_received": {
            "count": 50698154,
            "rate": 20564.655623230916
        },
        "vus_max": {
            "min": 50,
            "max": 50,
            "value": 50
        },
        "vus": {
            "max": 50,
            "value": 2,
            "min": 0
        },
        "http_req_duration{operation:booking}": {
            "med": 46.4499235,
            "max": 445.906307,
            "p(90)": 61.0148815,
            "p(95)": 66.69928399999999,
            "avg": 44.2767906612512,
            "min": 16.927941,
            "thresholds": {
                "p(95)<2000": false,
                "p(99)<5000": false
            }
        },
        "http_req_failed{operation:booking}": {
            "passes": 0,
            "fails": 93686,
            "thresholds": {
                "rate<0.05": false
            },
            "value": 0
        },
        "http_req_failed": {
            "passes": 0,
            "fails": 93841,
            "value": 0
        },
        "http_req_sending": {
            "min": 0.006593,
            "med": 0.039163,
            "max": 1.777311,
            "p(90)": 0.058881,
            "p(95)": 0.070092,
            "avg": 0.04249759245958599
        },
        "http_req_waiting": {
            "avg": 44.112126782025136,
            "min": 6.865335,
            "med": 46.290324,
            "max": 445.743961,
            "p(90)": 60.858458,
            "p(95)": 66.529848
        },
        "iteration_duration": {
            "avg": 2390.805325119021,
            "min": 1023.280498,
            "med": 2389.003908,
            "max": 3824.035098,
            "p(90)": 3270.6225004000007,
            "p(95)": 3441.9444002
        },
        "checks{check:booking_success}": {
            "passes": 93686,
            "fails": 0,
            "thresholds": {
                "rate>0.95": false
            },
            "value": 1
        }
    },
    "setup_data": {
        "flightIds": [
            1,
            2,
            3,
            4,
            5,
            6,
            7,
            8,
            9,
            10,
            11,
            12,
            13,
            14,
            15,
            16,
            17,
            18,
            19,
            20,
            21,
            22,
            23,
            24,
            25,
            26,
            27,
            28,
            29,
            30,
            31,
            32,
            33,
            34,
            35,
            36,
            37,
            38,
            39,
            40,
            41,
            42,
            43,
            44,
            45,
            46,
            47,
            48,
            49,
            50
        ],
        "userData": [
            {
                "token": "eyJhbGciOiJIUzI1NiIsInR5cCI6IkpXVCJ9.eyJlbWFpbCI6InVzZXJfMTYxMzRAdGVzdC5jb20iLCJpZCI6MSwiaWF0IjoxNzYwMTA1ODE4LCJleHAiOjE3NjAxMDk0MTh9.Pdn4Kc9Jtt4AK_9to7a7mAvUHbJ0qKZDe1OpVOn_MS4",
                "userId": 1
            },
            {
                "token": "eyJhbGciOiJIUzI1NiIsInR5cCI6IkpXVCJ9.eyJlbWFpbCI6InVzZXJfNDM2MzBAdGVzdC5jb20iLCJpZCI6MiwiaWF0IjoxNzYwMTA1ODE4LCJleHAiOjE3NjAxMDk0MTh9._2mql7EMEOJgZtCsVcXx44mhpsvXw0BVI2h2LsJYRh4",
                "userId": 2
            },
            {
                "token": "eyJhbGciOiJIUzI1NiIsInR5cCI6IkpXVCJ9.eyJlbWFpbCI6InVzZXJfMTQ0MTdAdGVzdC5jb20iLCJpZCI6MywiaWF0IjoxNzYwMTA1ODE4LCJleHAiOjE3NjAxMDk0MTh9.VpQDsy0R9hQH5rQm7soRr1D7qgAaC3qOVixovtUT3qo",
                "userId": 3
            },
            {
                "token": "eyJhbGciOiJIUzI1NiIsInR5cCI6IkpXVCJ9.eyJlbWFpbCI6InVzZXJfNTY2OTNAdGVzdC5jb20iLCJpZCI6NCwiaWF0IjoxNzYwMTA1ODE4LCJleHAiOjE3NjAxMDk0MTh9.Pb-1LIAzv-7-qGN5p8fkvj4B1z7jCJc15VwlYPLh7fM",
                "userId": 4
            },
            {
                "token": "eyJhbGciOiJIUzI1NiIsInR5cCI6IkpXVCJ9.eyJlbWFpbCI6InVzZXJfMzI5NzlAdGVzdC5jb20iLCJpZCI6NSwiaWF0IjoxNzYwMTA1ODE4LCJleHAiOjE3NjAxMDk0MTh9.jyrow6ZpkAxF0DL4RyqG3HC4wcvXCfJWpnpXOXBSa6o",
                "userId": 5
            },
            {
                "token": "eyJhbGciOiJIUzI1NiIsInR5cCI6IkpXVCJ9.eyJlbWFpbCI6InVzZXJfMjQ3OThAdGVzdC5jb20iLCJpZCI6NiwiaWF0IjoxNzYwMTA1ODE4LCJleHAiOjE3NjAxMDk0MTh9.S6_-yjqfwnipZUsRypRK_h2HmJrLNTKsBfsslNoBJZ8",
                "userId": 6
            },
            {
                "token": "eyJhbGciOiJIUzI1NiIsInR5cCI6IkpXVCJ9.eyJlbWFpbCI6InVzZXJfMTE1NzFAdGVzdC5jb20iLCJpZCI6NywiaWF0IjoxNzYwMTA1ODE4LCJleHAiOjE3NjAxMDk0MTh9.VlEk-IVMSJYERnS1QwPa6qIpDgQBCK9U4ePfh_uERzY",