{
    "root_group": {
        "name": "",
        "path": "",
        "id": "d41d8cd98f00b204e9800998ecf8427e",
        "groups": {},
        "checks": {
                "booking_success": {
                    "passes": 2820,
                    "fails": 0,
                    "name": "booking_success",
                    "path": "::booking_success",
                    "id": "8e448b031a25273e1af292733124d1c6"
                },
                "booking_fast": {
                    "name": "booking_fast",
                    "path": "::booking_fast",
                    "id": "0ea4f556027bce5246b18102330fda62",
                    "passes": 2820,
                    "fails": 0
                },
                "booking_no_timeout": {
                    "name": "booking_no_timeout",
                    "path": "::booking_no_timeout",
                    "id": "75dc7632e549d334215e8723aed4d527",
                    "passes": 2820,
                    "fails": 0
                }
            }
    },
    "metrics": {
        "http_req_connecting": {
            "max": 1.160962,
            "p(90)": 0.20523339999999998,
            "p(95)": 0.24880899999999992,
            "avg": 0.1388133139495801,
            "min": 0,
            "med": 0.126768
        },
        "vus": {
            "max": 199,
            "value": 2,
            "min": 0
        },
        "http_req_duration{expected_response:true}": {
            "avg": 34.67704080873945,
            "min": 7.238386,
            "med": 30.396057,
            "max": 425.714939,
            "p(90)": 46.7162764,
            "p(95)": 57.54673399999998
        },
        "data_sent": {
            "count": 1143157,
            "rate": 19829.874113164577
        },
        "http_req_waiting": {
            "p(95)": 57.42399729999998,
            "avg": 34.54544400369751,
            "min": 7.175618,
            "med": 30.269509,
            "max": 425.510655,
            "p(90)": 46.622293799999994
        },
        "http_req_failed": {
            "passes": 0,
            "fails": 2975,
            "value": 0
        },
        "checks{check:booking_success}": {
            "passes": 2820,
            "fails": 0,
            "thresholds": {
                "rate>0.95": false
            },
            "value": 1
        },
        "http_req_duration{operation:setup}": {
            "p(95)": 49.923751,
            "avg": 28.429446599999988,
            "min": 7.238386,
            "med": 20.479486,
            "max": 68.28049,
            "p(90)": 48.212541,
            "thresholds": {
                "p(95)<500": false
            }
        },
        "http_reqs": {
            "count": 2975,
            "rate": 51.60610090010787
        },
        "http_req_duration{operation:login}": {
            "p(95)": 44.1145971,
            "avg": 40.73547819999998,
            "min": 39.553801,
            "med": 40.1370215,
            "max": 45.078325,
            "p(90)": 43.2993316,
            "thresholds": {
                "p(95)<300": false
            }
        },
        "iterations": {
            "count": 1443,
            "rate": 25.031127260119547
        },
        "data_received": {
            "count": 1602277,
            "rate": 27794.039842662904
        },
        "http_req_tls_handshaking": {
            "p(95)": 0,
            "avg": 0,
            "min": 0,
            "med": 0,
            "max": 0,
            "p(90)": 0
        },
        "http_req_receiving": {
            "avg": 0.09271121445378133,
            "min": 0.027001,
            "med": 0.085651,
            "max": 0.469022,
            "p(90)": 0.136759,
            "p(95)": 0.15866429999999998
        },
        "iteration_duration": {
            "med": 2302.611142,
            "max": 3759.228759,
            "p(90)": 3267.5879664,
            "p(95)": 3434.8791171999997,
            "avg": 2335.8760993603605,
            "min": 1033.920147
        },
        "checks": {
            "passes": 8460,
            "fails": 0,
            "value": 1
        },
        "http_req_blocked": {
            "avg": 0.1910648403361343,
            "min": 0.001352,
            "med": 0.17597,
            "max": 1.667996,
            "p(90)": 0.279345,
            "p(95)": 0.33545729999999996
        },
        "http_req_sending": {
            "p(90)": 0.057039,
            "p(95)": 0.06845069999999999,
            "avg": 0.03888559058823527,
            "min": 0.00521,
            "med": 0.034504,
            "max": 2.434627
        },
        "vus_max": {
            "value": 200,
            "min": 200,
            "max": 200
        },
        "http_req_duration{operation:booking}": {
            "med": 30.289652,
            "max": 425.714939,
            "p(90)": 46.32244819999997,
            "p(95)": 58.02089755,
            "avg": 34.802244894680776,
            "min": 19.55068,
            "thresholds": {
                "p(95)<2000": false,
                "p(99)<5000": false
            }
        },
        "http_req_duration": {
            "avg": 34.67704080873945,
            "min": 7.238386,
            "med": 30.396057,
            "max": 425.714939,
            "p(90)": 46.7162764,
            "p(95)": 57.54673399999998
        },
        "http_req_failed{operation:booking}": {
            "passes": 0,
            "fails": 2820,
            "thresholds": {
                "rate<0.05": false
            },
            "value": 0
        }
    },
    "setup_data": {
        "flightIds": [
            1,
            2,
            3,
            4,
            5,
            6,
            7,
            8,
            9,
            10,
            11,
            12,
            13,
            14,
            15,
            16,
            17,
            18,
            19,
            20,
            21,
            22,
            23,
            24,
            25,
            26,
            27,
            28,
            29,
            30,
            31,
            32,
            33,
            34,
            35,
            36,
            37,
            38,
            39,
            40,
            41,
            42,
            43,
            44,
            45,
            46,
            47,
            48,
            49,
            50
        ],
        "userData": [
            {
                "token": "eyJhbGciOiJIUzI1NiIsInR5cCI6IkpXVCJ9.eyJlbWFpbCI6InVzZXJfNjk2MDJAdGVzdC5jb20iLCJpZCI6MSwiaWF0IjoxNzYwMTExODUyLCJleHAiOjE3NjAxMTU0NTJ9.IQb1OLbM68UT2SHhDngZnuQyhJsTBxtP6yWnnvLPVe0",
                "userId": 1
            },
            {
                "token": "eyJhbGciOiJIUzI1NiIsInR5cCI6IkpXVCJ9.eyJlbWFpbCI6InVzZXJfOTI2ODdAdGVzdC5jb20iLCJpZCI6MiwiaWF0IjoxNzYwMTExODUyLCJleHAiOjE3NjAxMTU0NTJ9.2vumvNlmPq_epmAqbXE9ramFZ6ez_R4jNDWUnSuZayM",
                "userId": 2
            },
            {
                "token": "eyJhbGciOiJIUzI1NiIsInR5cCI6IkpXVCJ9.eyJlbWFpbCI6InVzZXJfMzc0NzlAdGVzdC5jb20iLCJpZCI6MywiaWF0IjoxNzYwMTExODUyLCJleHAiOjE3NjAxMTU0NTJ9.DQlGx1bSntPeNkHGOUokSIRtl4_OQNHky3vjg_ZVRgQ",
                "userId": 3
            },
            {
                "token": "eyJhbGciOiJIUzI1NiIsInR5cCI6IkpXVCJ9.eyJlbWFpbCI6InVzZXJfMjI0NUB0ZXN0LmNvbSIsImlkIjo0LCJpYXQiOjE3NjAxMTE4NTIsImV4cCI6MTc2MDExNTQ1Mn0.iHifgNC_hU80ys7c5UhfPfzjvxUFUO8rc7dRevA87QA",
                "userId": 4
            },
            {
                "token": "eyJhbGciOiJIUzI1NiIsInR5cCI6IkpXVCJ9.eyJlbWFpbCI6InVzZXJfNjIyNDFAdGVzdC5jb20iLCJpZCI6NSwiaWF0IjoxNzYwMTExODUyLCJleHAiOjE3NjAxMTU0NTJ9.JKSIEwl4YyF298g0lQ6SzwjRGgbGU5seTuIxyK3v6Zs",
                "userId": 5
            },
            {
                "userId": 6,